pasos,valor_medio
10000,0.038951754570007324
20000,0.3940543830394745
30000,0.7960663437843323
40000,1.11613130569458
50000,1.472400426864624
60000,1.768657922744751
70000,1.9708420038223267
80000,2.199995994567871
90000,2.3474833965301514
100000,2.6547679901123047
110000,2.7546885013580322
120000,2.6468493938446045
130000,2.829289436340332
140000,3.0847179889678955
150000,3.3325324058532715
160000,3.53989315032959
170000,3.554382085800171
180000,3.7790257930755615
190000,3.8146250247955322
200000,3.8321900367736816
210000,3.8918559551239014
220000,4.062582969665527
230000,4.0448689460754395
240000,4.1790690422058105
250000,4.162532806396484
260000,4.06296443939209
270000,3.995999574661255
280000,3.9764058589935303
290000,4.191626071929932
300000,4.456231117248535
310000,4.4890360832214355
320000,4.482201099395752
330000,4.57279634475708
340000,4.724108695983887
350000,4.633330821990967
360000,4.502885341644287
370000,4.477542400360107
380000,4.477636337280273
390000,4.370798110961914
400000,4.440130233764648
410000,4.437711715698242
420000,4.450735569000244
